{

  "materials": [
    {
      "mapDiffuseRepeat": [ 1, 1 ],
      "colorEmissive": [ 0, 0, 0 ],
      "DbgColor": 15658734,
      "shading": "phong",
      "DbgName": "TableWoodMat.001",
      "mapDiffuseWrap": [ "RepeatWrapping", "RepeatWrapping" ],
      "blending": "NormalBlending",
      "transparent": false,
      "depthWrite": true,
      "wireframe": false,
      "colorDiffuse": [ 0.64, 0.64, 0.64 ],
      "visible": true,
      "mapDiffuse": "table_wood_1_1.tex.png",
      "depthTest": true,
      "opacity": 1,
      "DbgIndex": 0,
      "mapDiffuseAnisotropy": 1
    }
  ],
  "normals": [ 0, 1, 0, 0, 0.707083, 0.707083, 0.577349, 0.577349, 0.577349, 0.707083, 0.707083, 0, 0, -0.707083, -0.707083, 0, 0.707083, -0.707083, 0.577349, 0.577349, -0.577319, 0.577349, -0.577349, -0.577349, 0.707083, -0.707083, 0, 0.577349, -0.577349, 0.577349, 0, -0.707083, 0.707083, -0.577349, 0.577349, 0.577349, -0.577349, -0.577349, 0.577349, -0.707083, 0.707083, 0, -0.707083, -0.707083, 0, -0.577349, -0.577349, -0.577349, -0.301492, -0.904508, -0.301492, 0.301492, -0.904508, -0.301492, -0.301492, -0.904508, 0.301492, 0.301492, -0.904508, 0.301492, 0, 0, -1, 0.707083, 0, -0.707083, -0.301492, -0.301492, -0.904508, -0.301492, -0.301492, 0.904508, -0.707083, 0, 0.707083, 0.301492, -0.301492, 0.904508, -1, 0, 0, -0.707083, 0, -0.707083, -0.904508, -0.301492, 0.301492, 1, 0, 0, 0.707083, 0, 0.707083, 0.904508, -0.301492, -0.301492, 0.301492, -0.301492, -0.904508, -0.577349, 0.577349, -0.577349, 0.904508, -0.301492, 0.301492, -0.904508, -0.301492, -0.301492, 0.301492, 0.301492, 0.904508, -0.301492, 0.301492, 0.904508 ],
  "vertices": [ -2, 3.8, -2, 2, 3.8, -2, 2, 3.8, 2, -2, 3.8, 2, -2, 4, -2, 2, 4, -2, 2, 4, 2, -2, 4, 2, -1.8, 3.8, -1.8, 1.8, 3.8, -1.8, 1.8, 3.8, 1.8, -1.8, 3.8, 1.8, -1.8, 2.8, -1.8, 1.8, 2.8, -1.8, 1.8, 2.8, 1.8, -1.8, 2.8, 1.8, -1.4, 3.8, -2, -1.4, 3.8, 2, -1.4, 4, -2, -1.4, 4, 2, -1.4, 3.8, -1.8, -1.4, 3.8, 1.8, -1.4, 2.8, -1.8, -1.4, 2.8, 1.8, 1.4, 3.8, -2, 1.4, 4, -2, 1.4, 3.8, -1.8, 1.4, 2.8, -1.8, 1.4, 3.8, 2, 1.4, 4, 2, 1.4, 3.8, 1.8, 1.4, 2.8, 1.8, -2, 3.8, 1.4, 2, 3.8, 1.4, -2, 4, 1.4, 2, 4, 1.4, -1.8, 3.8, 1.4, 1.8, 3.8, 1.4, -1.8, 2.8, 1.4, 1.8, 2.8, 1.4, -1.4, 4, 1.4, 1.4, 4, 1.4, -1.4, 4, -1.4, 1.4, 4, -1.4, -2, 3.8, -1.4, 2, 3.8, -1.4, -2, 4, -1.4, 2, 4, -1.4, -1.8, 3.8, -1.4, 1.8, 3.8, -1.4, -1.8, 2.8, -1.4, 1.8, 2.8, -1.4, -1.4, 2.8, 1.4, -1.4, 2.8, -1.4, 1.4, 2.8, 1.4, 1.4, 2.8, -1.4, -1.8, 0, 1.4, -1.4, 0, 1.4, -1.4, 0, 1.8, -1.8, 0, 1.8, 1.4, -0, 1.4, 1.8, 0, 1.4, 1.8, 0, 1.8, 1.4, 0, 1.8, 1.4, -0, -1.8, 1.8, -0, -1.8, 1.8, -0, -1.4, 1.4, -0, -1.4, -1.8, -0, -1.8, -1.4, -0, -1.8, -1.4, -0, -1.4, -1.8, -0, -1.4, -1.8, 3.7, -1.8, 1.8, 3.7, -1.8, 1.8, 3.7, 1.8, -1.8, 3.7, 1.8, -1.4, 3.7, 1.8, -1.4, 3.7, -1.8, 1.4, 3.7, 1.8, 1.4, 3.7, -1.8, 1.8, 3.7, 1.4, -1.8, 3.7, 1.4, 1.8, 3.7, -1.4, -1.8, 3.7, -1.4, 1.4, 2.9, 2, 1.4, 3.7, 2, 1.8, 2.9, -1.8, -1.8, 2.9, 1.8, -1.4, 2.9, 1.8, -1.4, 2.9, -1.8, 1.4, 2.9, 1.8, 1.4, 2.9, -1.8, 1.8, 2.9, 1.4, -1.8, 2.9, 1.4, 1.8, 2.9, -1.4, -1.8, 2.9, -1.4, -1.4, 2.9, 2, -1.4, 3.7, 2, -1.8, 2.9, -1.8, 1.8, 2.9, 1.8 ],
  "metadata": {
    "version": 3,
    "type": "Geometry",
    "materials": 1,
    "normals": 38,
    "vertices": 100,
    "generator": "io_three",
    "uvs": 1,
    "faces": 98
  },
  "name": "CubeGeometry.2",
  "uvs": [ [ 0.028323, 0.889302, 0.028323, 0.914147, 0.003478, 0.914147, 0.003478, 0.889302, 0.971881, 0.967773, 0.971881, 0.959491, 0.996727, 0.959491, 0.996727, 0.967773, 0.143711, 0.967775, 0.143711, 0.959493, 0.168556, 0.959493, 0.168556, 0.967775, 0.474978, 0.967774, 0.474978, 0.959493, 0.499824, 0.959493, 0.499824, 0.967774, 0.524668, 0.959493, 0.524668, 0.967774, 0.640612, 0.967774, 0.665457, 0.967774, 0.657175, 0.976056, 0.640612, 0.976056, 0.988445, 0.976055, 0.971881, 0.976055, 0.491542, 0.976056, 0.474978, 0.976056, 0.160275, 0.976056, 0.143711, 0.976056, 0.913909, 0.955093, 0.930473, 0.955093, 0.930473, 0.959234, 0.913909, 0.959234, 0.450133, 0.955093, 0.466696, 0.955093, 0.466696, 0.959233, 0.450133, 0.959233, 0.599202, 0.955092, 0.615765, 0.955092, 0.615765, 0.959233, 0.599202, 0.959233, 0.135431, 0.955093, 0.151995, 0.955093, 0.151995, 0.959234, 0.135431, 0.959234, 0.632328, 0.917825, 0.913909, 0.917824, 0.913909, 0.921965, 0.632328, 0.921966, 0.632328, 0.955092, 0.632328, 0.959233, 0.168558, 0.955093, 0.168558, 0.959234, 0.690302, 0.967774, 0.690302, 0.976056, 0.673739, 0.976056, 0.193401, 0.967775, 0.193401, 0.976056, 0.665457, 0.959493, 0.690302, 0.959492, 0.334746, 0.8893, 0.334746, 0.914145, 0.309901, 0.914145, 0.309901, 0.8893, 0.193401, 0.959493, 0.176838, 0.976056, 0.334745, 0.773356, 0.3099, 0.773356, 0.019486, 0.955093, 0.019486, 0.959234, 0.483259, 0.955092, 0.483259, 0.959233, 0.027768, 0.967775, 0.027768, 0.976056, 0.524668, 0.976056, 0.508105, 0.976056, 0.640612, 0.959493, 0.027768, 0.959493, 0.028322, 0.773358, 0.003477, 0.773358, 0.028322, 0.748513, 0.003477, 0.748513, 0.002923, 0.967775, 0.002923, 0.959493, 0.011205, 0.976056, 0.002923, 0.955093, 0.002923, 0.959234, 0.334745, 0.748511, 0.3099, 0.748511, 0.830033, 0.553584, 0.737835, 0.553584, 0.737835, 0.541781, 0.830033, 0.541781, 0.904089, 0.624908, 0.887526, 0.624908, 0.887526, 0.608345, 0.904089, 0.608345, 0.887268, 0.624908, 0.870705, 0.624908, 0.870705, 0.608345, 0.887268, 0.608345, 0.317903, 0.721737, 0.30134, 0.721731, 0.30138, 0.605787, 0.317943, 0.605793, 0.019802, 0.60569, 0.019808, 0.589127, 0.301386, 0.589224, 0.019762, 0.721634, 0.003199, 0.721628, 0.003239, 0.605684, 0.904089, 0.608087, 0.887526, 0.608087, 0.887526, 0.591524, 0.904089, 0.591524, 0.887268, 0.608087, 0.870705, 0.608087, 0.870705, 0.591524, 0.887268, 0.591524, 0.349019, 0.915788, 0.349019, 0.799844, 0.365582, 0.799844, 0.365582, 0.915788, 0.398709, 0.915788, 0.398709, 0.799844, 0.415273, 0.799844, 0.415273, 0.915788, 0.382146, 0.915788, 0.382146, 0.799844, 0.598243, 0.915788, 0.598243, 0.799844, 0.614806, 0.799844, 0.614806, 0.915788, 0.581679, 0.915788, 0.581679, 0.799844, 0.565116, 0.915788, 0.565116, 0.799844, 0.548552, 0.915788, 0.548552, 0.799844, 0.515168, 0.915788, 0.515168, 0.799844, 0.531731, 0.799844, 0.531731, 0.915788, 0.498605, 0.915788, 0.498605, 0.799844, 0.482041, 0.915788, 0.482041, 0.799844, 0.548295, 0.799844, 0.548295, 0.915788, 0.432094, 0.915788, 0.432094, 0.799844, 0.448657, 0.799844, 0.448657, 0.915788, 0.41553, 0.915788, 0.41553, 0.799844, 0.46522, 0.915788, 0.46522, 0.799844, 0.481784, 0.799844, 0.481784, 0.915788, 0.450133, 0.917825, 0.450133, 0.921966, 0.168558, 0.921966, 0.168558, 0.917825, 0.483259, 0.917825, 0.599201, 0.917825, 0.599201, 0.921966, 0.483259, 0.921966, 0.002923, 0.917825, 0.019486, 0.917825, 0.019486, 0.921966, 0.002923, 0.921966, 0.466696, 0.917825, 0.466696, 0.921966, 0.135431, 0.917825, 0.135431, 0.921966, 0.151995, 0.917825, 0.151995, 0.921966, 0.615765, 0.917825, 0.615765, 0.921966, 0.415142, 0.553584, 0.415142, 0.541781, 0.930473, 0.917824, 0.930473, 0.921965, 0.322944, 0.553584, 0.000251, 0.553584, 0.000251, 0.541781, 0.322944, 0.541781, 0.301334, 0.738294, 0.019757, 0.738197 ] ],