{
    "materials": [{
        "DbgColor": 15658734,
        "colorDiffuse": [0.64,0.64,0.64],
        "opacity": 1,
        "transparent": false,
        "colorEmissive": [0,0,0],
        "depthTest": true,
        "shading": "phong",
        "colorSpecular": [0.5,0.5,0.5],
        "blending": "NormalBlending",
        "specularCoef": 50,
        "colorAmbient": [0.64,0.64,0.64],
        "depthWrite": true,
        "DbgIndex": 0,
        "wireframe": false,
        "DbgName": "Material",
        "visible": true
    }],
    "faces": [35,0,1,2,3,0,0,1,2,3,35,6,5,17,19,0,4,5,6,7,35,4,5,11,10,0,8,5,6,8,35,1,5,6,2,0,1,5,4,2,35,2,6,7,3,0,2,4,9,3,35,0,3,13,12,0,0,3,10,11,35,8,10,11,9,0,11,8,6,12,35,5,1,9,11,0,5,1,12,6,35,0,4,10,8,0,0,8,8,11,35,1,0,8,9,0,1,0,11,12,35,14,12,13,15,0,8,11,10,13,35,4,0,12,14,0,8,0,11,8,35,7,4,14,15,0,9,8,8,13,35,3,7,15,13,0,3,9,13,10,35,16,18,19,17,0,8,13,7,6,35,5,4,16,17,0,5,8,8,6,35,7,6,19,18,0,9,4,7,13,35,4,7,18,16,0,8,9,13,8],
    "normals": [0.301492,-0.904508,-0.301492,0,-0.707083,0.707083,-0.577349,-0.577349,0.577349,-0.707083,-0.707083,0,-0.707083,0,0.707083,0.301492,0.301492,0.904508,0.577349,0.577349,0.577349,-0.577349,0.577349,0.577349,0.577349,0.577349,-0.577349,-0.904508,0.301492,-0.301492,-0.577349,-0.577349,-0.577349,0.577349,-0.577349,-0.577349,0.577349,-0.577349,0.577349,-0.577349,0.577349,-0.577349],
    "name": "CubeGeometry.1",
    "metadata": {
        "generator": "io_three",
        "version": 3,
        "faces": 18,
        "vertices": 20,
        "type": "Geometry",
        "normals": 14,
        "materials": 1,
        "uvs": 0
    },
    "vertices": [1,-1,-1,1,-1,1,-1,-1,1,-1,-1,-1,1,1,-1,0.999999,1,1,-1,1,1,-1,1,-1,6.96709,-1,-0.999999,6.96709,-1,1,6.96709,1,-0.999999,6.96709,1,1,1,-0.999999,-4.53686,-0.999999,-0.999999,-4.53686,1,1,-4.53686,-0.999999,1,-4.53686,1,1.6928,-1,0.999999,1.6928,1,-1,1.6928,-1,-1,1.6928,1],
    "uvs": []
}