{
  "materials": [
    {
      "visible": true,
      "shading": "phong",
      "mapDiffuse": "door_wood_1.png",
      "colorEmissive": [ 0, 0, 0 ],
      "blending": "NormalBlending",
      "colorAmbient": [ 0.8, 0.8, 0.8 ],
      "mapDiffuseRepeat": [ 1, 1 ],
      "mapDiffuseAnisotropy": 1,
      "mapDiffuseWrap": [ "RepeatWrapping", "RepeatWrapping" ],
      "transparent": false,
      "opacity": 1,
      "wireframe": false,
      "DbgIndex": 0,
      "depthWrite": true,
      "colorDiffuse": [ 0.8, 0.8, 0.8 ],
      "depthTest": true,
      "DbgName": "DoorMat",
      "DbgColor": 15658734
    }
  ],
    "normals": [-0.829127,0,-0.559008,-0.586291,0.586291,-0.559008,-0.674459,0.674459,0.300302,-0.953825,0,0.300302,0.586291,0.586291,-0.559008,0,0.829127,-0.559008,0,0.77636,-0.630238,0.548967,0.548967,-0.630238,0,0.77636,0.630238,0.548967,0.548967,0.630238,0,-0.829127,-0.559008,-0.586291,-0.586291,-0.559008,-0.674459,-0.674459,0.300302,0,-0.953825,0.300302,0,-0.77636,-0.630238,-0.548967,-0.548967,-0.630238,0.77636,0,0.630238,0.77636,0,-0.630238,0.548967,-0.548967,-0.630238,0.586291,-0.586291,-0.559008,0.548967,-0.548967,0.630238,0,0.953825,0.300302,-0.77636,0,-0.630238,-0.548967,0.548967,-0.630238,0,-0.77636,0.630238,0.674459,0.674459,0.300302,0.829127,0,-0.559008,-0.548967,-0.548967,0.630238,0.674459,-0.674459,0.300302,0.953825,0,0.300302,-0.77636,0,0.630238,0,0.829127,0.559008,0.586291,0.586291,0.559008,-0.548967,0.548967,0.630238,-0.586291,0.586291,0.559008,-0.829127,0,0.559008,-0.953825,0,-0.300302,-0.674459,0.674459,-0.300302,0.829127,0,0.559008,0.586291,-0.586291,0.559008,0,-0.829127,0.559008,-0.586291,-0.586291,0.559008,-0.674459,-0.674459,-0.300302,0,-0.953825,-0.300302,0.953825,0,-0.300302,0.674459,-0.674459,-0.300302,0,0.953825,-0.300302,0.674459,0.674459,-0.300302,0.577349,-0.577349,-0.577349,0.577349,-0.577349,0.577349,-0.577349,-0.577349,0.577349,-0.577349,-0.577349,-0.577349,0.577349,0.577349,-0.577349,-0.577349,0.577349,-0.577349,-0.577349,0.577349,0.577349,0.577349,0.577349,0.577349],
    "vertices": [1.55309,4.07071,-0.22,1.48237,4.1,-0.22,1.48237,4.25,-0.22,1.48237,4.25,0.22,1.65915,4.17678,-0.22,1.65915,4.17678,0.22,1.73237,4,-0.22,1.73237,4,0.22,1.65915,3.82322,-0.22,1.65915,3.82322,0.22,1.48237,3.75,-0.22,1.48237,3.75,0.22,1.3056,3.82322,-0.22,1.3056,3.82322,0.22,1.23237,4,-0.22,1.23237,4,0.22,1.3056,4.17678,-0.22,1.3056,4.17678,0.22,1.58237,4,-0.22,1.55309,3.92929,-0.22,1.48237,3.9,-0.22,1.41166,3.92929,-0.22,1.38237,4,-0.22,1.41166,4.07071,-0.22,1.34095,4.14142,-0.35,1.48237,4.2,-0.35,1.28237,4,-0.35,1.34095,3.85858,-0.35,1.48237,3.8,-0.35,1.6238,3.85858,-0.35,1.68237,4,-0.35,1.6238,4.14142,-0.35,1.34095,4.14142,-0.5,1.48237,4.2,-0.5,1.28237,4,-0.5,1.34095,3.85858,-0.5,1.48237,3.8,-0.5,1.6238,3.85858,-0.5,1.68237,4,-0.5,1.6238,4.14142,-0.5,1.55309,4.07071,0.22,1.48237,4.1,0.22,1.58237,4,0.22,1.55309,3.92929,0.22,1.48237,3.9,0.22,1.41166,3.92929,0.22,1.38237,4,0.22,1.41166,4.07071,0.22,1.6238,4.14142,0.35,1.48237,4.2,0.35,1.68237,4,0.35,1.6238,3.85858,0.35,1.48237,3.8,0.35,1.34095,3.85858,0.35,1.28237,4,0.35,1.34095,4.14142,0.35,1.6238,4.14142,0.5,1.48237,4.2,0.5,1.68237,4,0.5,1.6238,3.85858,0.5,1.48237,3.8,0.5,1.34095,3.85858,0.5,1.28237,4,0.5,1.34095,4.14142,0.5,2,-0,-0.2,2,0,0.2,-2,0,0.2,-2,-0,-0.2,2,8,-0.2,2,8,0.2,-2,8,0.199999,-2,8,-0.2],
    "metadata": {
        "version": 3,
        "type": "Geometry",
        "materials": 1,
        "normals": 56,
        "vertices": 72,
        "generator": "io_three",
        "uvs": 1,
        "faces": 68
    },
    "name": "CubeGeometry.4",
    "uvs": [[0.944208,0.61616,0.950884,0.621861,0.942341,0.638622,0.92899,0.62722,0.953434,0.674748,0.968952,0.690267,0.953057,0.696851,0.946849,0.690644,0.988192,0.201919,0.937723,0.201919,0.937723,0.179972,0.988192,0.179972,0.941531,0.599298,0.940846,0.60805,0.922267,0.611001,0.923635,0.593496,0.931487,0.727733,0.915968,0.712214,0.931863,0.70563,0.938071,0.711838,0.937723,0.158025,0.988192,0.158025,0.953434,0.727733,0.938071,0.711838,0.946849,0.711838,0.937723,0.136078,0.988192,0.136078,0.959419,0.623913,0.959413,0.642725,0.915968,0.690267,0.931487,0.674748,0.938071,0.690644,0.931863,0.696851,0.937723,0.114131,0.988192,0.114131,0.967304,0.416409,0.967304,0.398851,0.984509,0.398851,0.984509,0.416409,0.968952,0.712214,0.953057,0.70563,0.988192,0.289707,0.937723,0.289707,0.937723,0.26776,0.988192,0.26776,0.974636,0.616171,0.978003,0.608063,0.996581,0.611026,0.989846,0.627241,0.937723,0.245813,0.988192,0.245813,0.969478,0.775002,0.953959,0.790521,0.947375,0.774626,0.953582,0.768418,0.988192,0.223866,0.937723,0.223866,0.967957,0.621867,0.976487,0.638634,0.977325,0.599311,0.995224,0.593521,0.899339,0.848963,0.926781,0.821521,0.926781,0.915214,0.899338,0.887772,0.967304,0.381294,0.967304,0.363736,0.984509,0.363736,0.984509,0.381294,0.967304,0.486639,0.967304,0.469081,0.984509,0.469081,0.984509,0.486639,0.967304,0.451524,0.967304,0.433966,0.984509,0.433966,0.984509,0.451524,0.967304,0.346178,0.984509,0.346178,0.949331,0.546324,0.944168,0.553424,0.926792,0.546214,0.937119,0.532015,0.953959,0.737536,0.969478,0.753055,0.953582,0.759639,0.947375,0.753432,0.932012,0.790521,0.916493,0.775002,0.932389,0.768418,0.938596,0.774626,0.932012,0.737536,0.938596,0.753432,0.916493,0.753055,0.932012,0.737536,0.938596,0.753432,0.932389,0.75964,0.967202,0.451524,0.967202,0.469082,0.949997,0.469082,0.949997,0.451524,0.942788,0.562094,0.945493,0.570445,0.929442,0.580257,0.924033,0.563554,0.97892,0.553424,0.973756,0.546324,0.985968,0.532015,0.996295,0.546214,0.965933,0.542341,0.957154,0.542341,0.952765,0.524048,0.970322,0.524048,0.980299,0.562094,0.999055,0.563553,0.899338,0.848963,0.92678,0.915214,0.899338,0.887772,0.967202,0.346178,0.967202,0.363736,0.949997,0.363736,0.949997,0.346179,0.967202,0.381294,0.967202,0.398851,0.949997,0.398851,0.949997,0.381294,0.967202,0.433966,0.949997,0.433966,0.967202,0.486639,0.949997,0.486639,0.967202,0.416409,0.949997,0.416409,0.965589,0.915214,0.965589,0.821521,0.993031,0.887772,0.993031,0.848963,0.965589,0.915214,0.965589,0.821521,0.993031,0.887772,0.993031,0.848963,0.071805,0.504961,0.050624,0.504961,0.050624,0.12864,0.071805,0.12864,0.806078,0.504961,0.806078,0.12864,0.827259,0.12864,0.827259,0.50496,0.806079,0.542593,0.071805,0.542592,0.806078,0.918913,0.071805,0.918912,0.071805,0.091008,0.806079,0.091008]],