{
    "vertices":[4,2.7,-2,4,2.7,2,-4,2.7,2,-4,2.7,-2,4,3.1,-2,4,3.1,2,-4,3.1,2,-4,3.1,-2,4,5.5,-2,4,5.5,2,-4,5.5,2,-4,5.5,-2,4,5.9,-2,4,5.9,2,-4,5.9,2,-4,5.9,-2,-3.4,-7.86805e-08,-1.8,-3.4,7.86805e-08,1.8,-3.8,7.86805e-08,1.8,-3.8,-7.86805e-08,-1.8,-3.4,7.5,-1.8,-3.4,7.5,1.8,-3.8,7.5,1.8,-3.8,7.5,-1.8,3.8,-0.117726,-1.8,3.8,-0.117726,1.8,3.4,-0.117726,1.8,3.4,-0.117726,-1.8,3.8,7.38227,-1.8,3.8,7.38227,1.8,3.4,7.38227,1.8,3.4,7.38227,-1.8],
    "normals":[0.577349,-0.577349,-0.577349,0.577349,-0.577349,0.577349,-0.577349,-0.577349,0.577349,-0.577349,-0.577349,-0.577349,0.577349,0.577349,-0.577319,-0.577349,0.577349,-0.577349,-0.577349,0.577319,0.577349,0.577349,0.577349,0.577349,0.577349,0.577349,-0.577349,-0.577349,0.577349,0.577319],
    "materials":[{
        "mapDiffuseRepeat":[1,1],
        "mapDiffuse":"shelf_wood_2_1.icon.tex.png",
        "wireframe":false,
        "colorEmissive":[0,0,0],
        "DbgName":"Material",
        "blending":"NormalBlending",
        "visible":true,
        "mapDiffuseAnisotropy":1,
        "transparent":false,
        "opacity":1,
        "DbgColor":15658734,
        "depthWrite":true,
        "DbgIndex":0,
        "colorDiffuse":[0.8,0.8,0.8],
        "depthTest":true,
        "mapDiffuseWrap":["RepeatWrapping","RepeatWrapping"],
        "shading":"phong"
    }],
    "uvs":[[0.479071,0.500187,0.479072,0.721031,0.0373845,0.721031,0.0373844,0.500188,0.479072,0.963959,0.0373845,0.963959,0.0373844,0.743115,0.479072,0.743115,0.501156,0.963959,0.501156,0.743115,0.0153001,0.743115,0.0153,0.963959,0.479072,0.986043,0.0373845,0.986043,0.479071,0.0139568,0.479072,0.234801,0.0373845,0.234801,0.0373844,0.0139573,0.479072,0.477728,0.0373845,0.477729,0.0373844,0.256885,0.479072,0.256885,0.501156,0.477729,0.501156,0.256885,0.0153,0.256885,0.0153,0.477729,0.479072,0.499813,0.0373845,0.499813,0.523615,0.472582,0.722374,0.472582,0.722374,0.494666,0.523615,0.494666,0.523615,0.930832,0.523615,0.908748,0.722374,0.908748,0.722374,0.930832,0.943217,0.494666,0.943218,0.908748,0.744458,0.908748,0.744458,0.494666,0.50153,0.908748,0.501531,0.494666,0.921133,0.0360411,0.722374,0.0360412,0.722374,0.0139568,0.921133,0.0139568,0.921133,0.450123,0.921133,0.472207,0.722374,0.472207,0.722374,0.450123,0.70029,0.450123,0.70029,0.0360413,0.501531,0.450123,0.50153,0.0360413,0.943217,0.0360411,0.943218,0.450123]],
    "metadata":{
        "normals":10,
        "type":"Geometry",
        "vertices":32,
        "version":3,
        "materials":1,
        "faces":24,
        "uvs":1,
        "generator":"io_three"
    },
    "name":"CubeGeometry.2",
    "faces":[43,0,1,2,3,0,0,1,2,3,0,1,2,3,43,4,7,6,5,0,4,5,6,7,4,5,6,7,43,0,4,5,1,0,8,4,7,9,0,4,7,1,43,1,5,6,2,0,1,7,6,2,1,7,6,2,43,2,6,7,3,0,10,6,5,11,2,6,5,3,43,4,0,3,7,0,4,12,13,5,4,0,3,5,43,8,9,10,11,0,14,15,16,17,0,1,2,3,43,12,15,14,13,0,18,19,20,21,4,5,6,7,43,8,12,13,9,0,22,18,21,23,0,4,7,1,43,9,13,14,10,0,15,21,20,16,1,7,6,2,43,10,14,15,11,0,24,20,19,25,2,6,5,3,43,12,8,11,15,0,18,26,27,19,4,0,3,5,43,16,17,18,19,0,28,29,30,31,0,1,2,3,43,20,23,22,21,0,32,33,34,35,8,5,9,7,43,16,20,21,17,0,36,37,38,39,0,8,7,1,43,17,21,22,18,0,39,38,34,30,1,7,9,2,43,18,22,23,19,0,30,34,33,31,2,9,5,3,43,20,16,19,23,0,40,41,31,33,8,0,3,5,43,24,25,26,27,0,42,43,44,45,0,1,2,3,43,28,31,30,29,0,46,47,48,49,8,5,9,7,43,24,28,29,25,0,42,46,49,43,0,8,7,1,43,25,29,30,26,0,43,49,50,51,1,7,9,2,43,26,30,31,27,0,51,50,52,53,2,9,5,3,43,28,24,27,31,0,46,42,54,55,8,0,3,5]
}