{
    "influencesPerVertex": 2,
    "skinWeights": [0.982607,0,0.984067,0,0.982607,0,0.984067,0,0.903571,0.0867032,0.903679,0.0866057,0.903571,0.0867032,0.903679,0.0866057,0.817127,0.0912134,0.817113,0.0912205,0.817127,0.0912134,0.817113,0.0912205,0.823121,0.0844727,0.822227,0.0854669,0.823121,0.0844727,0.822227,0.0854669,0.834869,0.148464,0.848725,0.136007,0.834869,0.148464,0.848725,0.136007],
    "skinIndices": [0,0,0,0,0,0,0,0,0,1,0,1,0,1,0,1,1,0,1,0,1,0,1,0,2,3,2,3,2,3,2,3,3,2,3,2,3,2,3,2],
    "metadata": {
        "materials": 2,
        "version": 3,
        "uvs": 1,
        "normals": 12,
        "bones": 4,
        "faces": 18,
        "type": "Geometry",
        "generator": "io_three",
        "vertices": 20
    },
    "uvs": [[0.8,2.98023e-08,1,0,1,0.2,0.8,0.2,0.4,0.2,0.6,0.2,0.6,0.4,0.4,0.4,0.2,0,0.2,0.2,0,0.2,1.78814e-08,4.17232e-08,0.6,0,0.4,2.23517e-09,0.6,0.8,0.6,0.6,0.8,0.6,0.8,0.8,0.2,0.2,0.2,0,0.4,2.98023e-08,0.4,0.2,0.6,0.6,0.4,0.6,0.2,0.4,3.57628e-08,0.4,0.6,0.4,0.8,0.4,0.4,0.4,0.2,0.4,0.8,0.2,0.6,0.2,0.6,0,0.8,0,0.2,0.6,7.7486e-08,0.6,0.4,0.6,0.2,0.6,0.2,0.8,0.2,1,2.98023e-08,1,0,0.8,0.4,0.8,0.2,0.8,0.6,0.8,0.4,0.8,0.2,0.8,1.01328e-07,0.8]],
    "animations": "CubeGeometry.1.animations.json",
  "materials": [
    {
      "depthTest": true,
      "wireframe": false,
      "DbgName": "Material",
      "colorSpecular": [ 0.5, 0.5, 0.5 ],
      "mapDiffuse": "Player-Texture-2.png",
      "blending": "NormalBlending",
      "DbgIndex": 0,
      "visible": true,
      "colorDiffuse": [ 0.64, 0.64, 0.64 ],
      "specularCoef": 50,
      "depthWrite": true,
      "colorEmissive": [ 0, 0, 0 ],
      "DbgColor": 15658734,
      "mapDiffuseWrap": [ "RepeatWrapping", "RepeatWrapping" ],
      "mapDiffuseAnisotropy": 1,
      "opacity": 1,
      "shading": "phong",
      "transparent": false,
      "colorAmbient": [ 0.64, 0.64, 0.64 ],
      "mapDiffuseRepeat": [ 1, 1 ]
    },
    {
      "depthTest": true,
      "wireframe": false,
      "DbgName": "m2",
      "colorSpecular": [ 0.5, 0.5, 0.5 ],
      "mapDiffuse": "Player-Texture.png",
      "blending": "NormalBlending",
      "DbgIndex": 1,
      "visible": true,
      "DbgColor": 15597568,
      "colorDiffuse": [ 0.64, 0.64, 0.64 ],
      "specularCoef": 50,
      "depthWrite": true,
      "colorEmissive": [ 0, 0, 0 ],
      "mapDiffuseWrap": [ "RepeatWrapping", "RepeatWrapping" ],
      "mapDiffuseAnisotropy": 1,
      "opacity": 1,
      "shading": "phong",
      "transparent": false,
      "colorAmbient": [ 0.64, 0.64, 0.64 ],
      "mapDiffuseRepeat": [ 1, 1 ]
    }
  ],
    "bones": [{
        "parent": -1,
        "pos": [0,0,-0],
        "scl": [1,1,1],
        "name": "Bone",
        "rotq": [0.707107,0,-0,0.707107]
    },{
        "parent": 0,
        "pos": [0,0,-2.15473],
        "scl": [1,1,1],
        "name": "Bone.001",
        "rotq": [0,0,-0,1]
    },{
        "parent": 1,
        "pos": [0,0,-2],
        "scl": [1,1,1],
        "name": "Bone.002",
        "rotq": [0,0,-0,1]
    },{
        "parent": 2,
        "pos": [0,0,-2],
        "scl": [1,1,1],
        "name": "Bone.003",
        "rotq": [0,0,-0,1]
    }],
    "faces": [43,0,1,2,3,0,0,1,2,3,0,1,2,3,43,6,5,9,10,0,4,5,6,7,4,5,5,4,43,0,4,5,1,0,8,9,10,11,0,6,5,1,43,1,5,6,2,0,12,5,4,13,1,5,4,2,43,2,6,7,3,0,14,15,16,17,2,4,7,3,43,4,0,3,7,0,18,19,20,21,6,0,3,7,43,10,9,13,14,1,7,6,22,23,4,5,5,4,43,5,4,8,9,0,10,9,24,25,5,6,6,5,43,7,6,10,11,0,16,15,26,27,7,4,4,7,43,4,7,11,8,0,18,21,28,29,6,7,7,6,43,15,14,18,19,0,30,31,32,33,7,4,8,9,43,9,8,12,13,1,25,24,34,35,5,6,6,5,43,11,10,14,15,1,27,26,31,30,7,4,4,7,43,8,11,15,12,1,29,28,36,37,6,7,7,6,43,16,19,18,17,0,38,39,40,41,10,9,8,11,43,12,15,19,16,0,37,36,42,43,6,7,9,10,43,14,13,17,18,0,23,22,44,45,4,5,11,8,43,13,12,16,17,0,35,34,46,47,5,6,10,11],
    "normals": [0.577349,-0.577349,-0.577349,0.577349,-0.577349,0.577349,-0.577349,-0.577349,0.577349,-0.577349,-0.577349,-0.577349,-0.707083,0,0.707083,0.707083,0,0.707083,0.707083,0,-0.707083,-0.707083,0,-0.707083,-0.577349,0.577349,0.577349,-0.577349,0.577349,-0.577349,0.577349,0.577349,-0.577349,0.577349,0.577349,0.577349],
    "name": "CubeGeometry.1",
    "vertices": [1,0.0951814,-1,1,0.0951815,1,-1,0.0951815,1,-1,0.0951814,-1,1,2.09518,-1,0.999999,2.09518,1,-1,2.09518,1,-1,2.09518,-1,1,4.09518,-1,0.999999,4.09518,1,-1,4.09518,0.999999,-1,4.09518,-1,1,6.09518,-1,0.999999,6.09518,1,-1,6.09518,0.999999,-1,6.09518,-1,1,8.09518,-1,0.999999,8.09518,1,-1,8.09518,0.999999,-1,8.09518,-1]
}